USE DB2025Team02;

-- 사용자 삽입 (로그인 및 회원가입용)
-- 더미 데이터 유저들의 비밀번호는 아이디와 동일하게 설정했습니다.
INSERT INTO DB2025Team02Users (login_id, user_name, password_hash, points) VALUES
('leader01', '김이화', 'e7e429b165665e63a2e20c59046542a45d4e6b64277bd73fc7814ec2d8f3d484', 10000),
('leader02', '박소영', '17b93c58b212fb5fbfb7939ef419e325ee13a6c8d94cfe8c25523376fbf45379', 10000),
('leader03', '이현우', '34e8df6aaecf5fc1bcd1d3c2d18d9b52c6325183b2ca80d8457ec0744f1b37db', 10000),
('member01', '강효은', '33448caa4b401941646d49b496901664caf26f42e406830447c9d17e184ac940', 10000),
('member02', '선유나', '31571d6962d7e2df880ea9f271b7d4dc484591b9e87c8ea89eed290256f6e19b', 9000),
('member03', '이하진', '7f9b974965cba255e1b8c395c0a709331bca051e2172731d5c332a2c4ce6c200', 7000),
('member04', '최서윤', 'bd65301bdcc8d3f003bb4501ccad302a0067b2e12e387dd876aeb34940267aef', 5000),
('member05', '강민재', '33858725e1f8613827c008717f94d31e2b0fb9b00d00c26846c1b2debf392b5e', 10000),
('member06', '오다인', '7277c211fade267df5a06959341f5c365f8160a8d0370f0e092a443268d9293e', 2000),
('member07', '한지우', 'c492a100b9580f15708756242fefa27ab2429d1e7e13d0b282fcbf911acd569a', 8000),
('member08', '백시윤', 'b1824c336d1b3da3f45b789e0fd69fbb39763ef61e11f47401528fe3bbb61e96', 3000),
('member09', '정윤호', 'f2bb95f79076e6324db4e05d4b21a162a21c5125d3730c6c4398f7b6c18c32ea', 15000),
('member10', '서민재', 'b6e1f3cb73b1d82f613d2108a694434c22377ba8230f6c8a3de6bdbe57584c3c', 4000);

-- 스터디 그룹
INSERT INTO DB2025Team02StudyGroups (name, leader_id, description, start_date, end_date, cert_method, deposit, status) VALUES
('게임 수학 스터디', 1, '피직스, 기초 수학을 익히자', '2025-04-01', '2025-05-15', '출석 인증', 8000, 'closed'),
('자료구조 스터디', 1, '자료구조 기본기', '2025-05-10', '2025-06-10', '기록 작성', 9000, 'ongoing'),
('네트워크 마스터', 2, 'OSI~TCP 정리', '2025-05-01', '2025-05-30', '출석 인증', 5000, 'ongoing'),
('디자인패턴 집중반', 3, 'GoF 학습', '2025-05-28', '2025-06-30', '기록 작성', 5000, 'ongoing'),
('알고리즘 입문', 2, '기초 문제풀이', '2025-05-20', '2025-07-10', '사진 인증', 7000, 'ongoing'),
('SQL 집중반', 3, 'JOIN, INDEX 등 실습', '2025-05-15', '2025-05-29', '기록 작성', 4000, 'closed');

-- 스터디 멤버
INSERT INTO DB2025Team02GroupMembers (study_id, user_id, accumulated_fine, status) VALUES
(1, 1, 0, 'active'),
(1, 5, 0, 'active'),
(1, 6, 0, 'active'),
(2, 1, 0, 'active'),
(2, 6, 0, 'active'),
(2, 7, 10000, 'withdrawn'),
(3, 2, 0, 'active'),
(3, 7, 0, 'active'),
(3, 8, 0, 'active'),
(4, 3, 0, 'active'),
(4, 8, 0, 'active'),
(4, 9, 0, 'active'),
(5, 2, 0, 'active'),
(5, 9, 0, 'active'),
(5, 10, 30000, 'withdrawn'),
(6, 3, 0, 'active'),
(6, 10, 14000, 'withdrawn'),
(6, 11, 0, 'active');


-- 인증 내역
INSERT INTO DB2025Team02DailyCerts (user_id, study_id, cert_date, content, approval_status) VALUES
(5, 1, '2025-05-28', '클래스 정리글 링크 첨부', 'pending'),
(6, 1, '2025-05-24', '늦었지만 제출합니다.', 'rejected'),
(7, 1, '2025-05-20', '오늘도 열심히 공부했습니다.', 'pending'),
(8, 1, '2025-05-25', '출석 인증했습니다.', 'approved'),
(9, 1, '2025-05-29', '교재 1장 인증', 'approved'),
(10, 1, '2025-05-25', '자바 프로젝트 사진 첨부: img_url.jpg', 'approved'),
(11, 1, '2025-05-26', '블로그 글로 정리해서 올렸습니다.', 'approved'),
(5, 2, '2025-05-26', '깃허브 reflection.md 확인 부탁드립니다.', 'pending'),
(6, 2, '2025-05-29', '늦었지만 출석 인증합니다.', 'pending'),
(7, 2, '2025-05-26', '교재 1장 인증', 'approved'),
(8, 2, '2025-05-20', '이 글 보고 연습했습니다.', 'pending'),
(9, 2, '2025-05-26', '교재 1장 인증', 'pending'),
(10, 2, '2025-05-21', '깃허브에 push했으니까 확인 부탁드립니다.', 'pending'),
(11, 2, '2025-05-21', '늦었지만 봐주세요ㅠㅠ', 'rejected'),
(5, 3, '2025-05-26', '출석 인증합니다.', 'approved'),
(6, 3, '2025-05-23', '아슬아슬하게 제출합니다.', 'approved'),
(7, 3, '2025-05-21', '깃허브 확인 요망.', 'approved'),
(8, 3, '2025-05-26', '날짜를 착각해서 이제 인증합니다.', 'rejected'),
(9, 3, '2025-05-28', 'summary.md 업로드 했으니 확인 후 풀리퀘 받아주세요.', 'approved'),
(10, 3, '2025-05-24', '죄송합니다. 안 했습니다. 벌금 내겠습니다.', 'rejected'),
(11, 3, '2025-05-22', '교재 1장 인증.', 'approved'),
(5, 4, '2025-05-27', '클래스 정리글 링크 첨부. 블로그 확인 요망.', 'pending'),
(6, 4, '2025-05-21', '안 했습니다. 죄송.', 'rejected'),
(7, 4, '2025-05-24', '반은 했는데 봐주시나요.', 'rejected'),
(8, 4, '2025-05-22', '깃허브 확인 부탁드립니당.', 'pending'),
(9, 4, '2025-05-29', '오늘도 열심히 공부했습니다~ 레포지토리 확인 부탁드려요~', 'approved'),
(10, 4, '2025-05-22', '풀리퀘 받아주세요. main에 보내뒀음.', 'pending'),
(11, 4, '2025-05-22', '네. 죄송합니다.', 'rejected'),
(5, 5, '2025-05-24', '블로그 링크 남깁니다.', 'approved'),
(6, 5, '2025-05-26', '구글 드라이브에 사진 올렸어요.', 'approved'),
(7, 5, '2025-05-25', '카톡 좀 봐주세요. 인증샷 남겼습니다!', 'pending'),
(8, 5, '2025-05-24', '책 돌려드렸습니다. 진도 체크해주시면 되어요.', 'approved'),
(9, 5, '2025-05-22', '다음 주 진도까지 나간 듯. week5까지 봐주세요.', 'approved'),
(10, 5, '2025-05-22', '교재 3페이지 진도 확인 부탁드립니다.', 'approved'),
(11, 5, '2025-05-22', '출석 인증합니다~', 'pending'),
(5, 6, '2025-05-28', '늦었지만 출석 인정 가능한가요ㅠㅠ', 'rejected'),
(6, 6, '2025-05-28', '시험이라 바빠서 늦었습니다.', 'rejected'),
(7, 6, '2025-05-20', '사진 올렸는데 권한 확인 좀 부탁해요.', 'rejected'),
(8, 6, '2025-05-23', '수정사항 있으면 말씀해 주세요.', 'pending'),
(9, 6, '2025-05-28', '인증샷 올렸습니다. 인증 부탁드려요.', 'approved'),
(10, 6, '2025-05-29', '출석합니다~', 'approved'),
(11, 6, '2025-05-27', '교재 인증.', 'approved');

-- 규칙
INSERT INTO DB2025Team02Rules (study_id, cert_deadline, cert_cycle, grace_period, fine_late, fine_absent, ptsettle_cycle, last_modified, next_cert_date) VALUES
(1, '23:00:00', 3, 1, 1000, 2000, 7, '2025-05-30', '2025-06-02'),
(2, '23:00:00', 3, 1, 3000, 5000, 7, '2025-05-30', '2025-06-02'),
(3, '23:00:00', 3, 1, 2000, 4000, 7, '2025-05-30', '2025-06-02'),
(4, '23:00:00', 3, 1, 5000, 5000, 7, '2025-05-30', '2025-06-02'),
(5, '23:00:00', 3, 1, 5000, 10000, 7, '2025-05-30', '2025-06-02'),
(6, '23:00:00', 3, 1, 2000, 5000, 7, '2025-05-30', '2025-06-02');

-- 벌금
INSERT INTO DB2025Team02Fines (user_id, study_id, is_paid, reason, amount, date) VALUES
(5, 1, FALSE, '지각', 1000, '2025-05-27'),
(6, 1, FALSE, '미인증', 2000, '2025-05-29'),
(7, 1, TRUE, '미인증', 1000, '2025-05-25'),
(5, 2, TRUE, '지각', 3000, '2025-05-25'),
(6, 2, TRUE, '미인증', 5000, '2025-05-27'),
(7, 2, TRUE, '미인증', 5000, '2025-05-25'),
(5, 3, TRUE, '지각', 2000, '2025-05-28'),
(6, 3, FALSE, '미인증', 4000, '2025-05-28'),
(7, 3, FALSE, '지각', 2000, '2025-05-28'),
(5, 4, TRUE, '지각', 5000, '2025-05-27'),
(6, 4, FALSE, '지각', 5000, '2025-05-28'),
(7, 4, FALSE, '미인증', 5000, '2025-05-28'),
(5, 5, FALSE, '지각', 5000, '2025-05-27'),
(6, 5, FALSE, '미인증', 10000, '2025-05-29'),
(7, 5, TRUE, '미인증', 10000, '2025-05-29'),
(5, 6, FALSE, '지각', 2000, '2025-05-25'),
(6, 6, TRUE, '미인증', 5000, '2025-05-25'),
(7, 6, FALSE, '미인증', 5000, '2025-05-27');

-- 보증금 내역
INSERT INTO DB2025Team02Deposits (user_id, study_id, amount, deposit_date, is_refunded) VALUES
(5, 1, 8000, '2025-05-28', TRUE),
(6, 1, 8000, '2025-05-21', TRUE),
(6, 2, 9000, '2025-05-21', FALSE),
(7, 3, 5000, '2025-05-21', FALSE),
(8, 3, 5000, '2025-05-26', FALSE),
(8, 4, 5000, '2025-05-22', TRUE),
(9, 4, 5000, '2025-05-27', TRUE),
(9, 5, 7000, '2025-05-21', TRUE),
(11, 6, 4000, '2025-05-29', TRUE),
(1, 2, 9000, '2025-05-22', FALSE);